method,path,line,source
PUT,/accountType,258132,url_config
DELETE,/accountType/codeInfo,239862,url_config
POST,/ach/bankAccount/customer/{param},254711,url_config
POST,/ach/bankAccount/customer/{param}/list,254704,url_config
DELETE,/ach/bankAccount/customer/{param}/uuid/{param},254731,url_config
GET,/ach/batch/payout/list,254753,url_config
GET,/ach/batch/payout/{param},254765,url_config
PUT,/adjustment,50285,url_config
PUT,/adjustment/list,50278,url_config
DELETE,/adjustment/{param},50295,url_config
WS,/api/ws-app,3065,websocket
DELETE,/attachment,255032,url_config
GET,/attachment,255011,url_config
POST,/attachment,12021,url_config
PUT,/attachment,254977,url_config
POST,/attachment/fieldId/450/recordId/{param}/moduleId/1,12015,url_config
GET,/attachment/fieldId/{param}/recordId/{param}/moduleId/{param},254944,url_config
DELETE,/attachment?id={param}&productId={param},12009,url_config
GET,/audit?recordId={param}&moduleId={param}&parentModuleId={param}&storeIds={param},41278,url_config
GET,/audit?recordId={param}&moduleId={param}&storeIds={param},41475,url_config
POST,/authenticate,436,url_config
POST,/authenticate/onBehalfOfCustomer/{param},62355,direct_call
POST,/authoriseDotNet/customerProfile?customerId={param},256325,url_config
POST,/authoriseDotNet/paymentProfile,256332,url_config
DELETE,/authoriseDotNet/paymentProfile?customerProfileId={param}&customerPaymentProfileId={param},256342,url_config
GET,/balanceSheet?storeIds={param},11116,url_config
DELETE,/bill/dueBills/vendorId/{param}?storeIds={param},238829,url_config
GET,/bill/negativeBalance/vendorId/{param}?storeIds={param},238915,url_config
PUT,/bill/payment/bulk,238873,url_config
PUT,/bill/payment/id/{param}?storeIds={param},238867,url_config
DELETE,/bill/payment/{param}/voidPayment,50155,url_config
GET,/brainTree/clientTokenForErp?orderId={param},63185,direct_call
GET,/brand/list,42927,url_config
GET,/brand/list?size=99999,236218,url_config
POST,/category,244810,url_config
PUT,/category,244824,url_config
GET,/category/all,236210,url_config
POST,/category/bulk/export,41638,url_config
GET,/category/bulk/list?storeIds={param},41657,url_config
PUT,/category/bulk/update,41663,direct_call
PUT,/category/list,244856,url_config
PUT,/category/multiple,244837,url_config
PUT,/category/product/sequenceNumber,244882,url_config
DELETE,/category/{param},244843,url_config
PUT,/category/{param}/product/{param}/sequenceNumber,244891,url_config
DELETE,/chartOfAccount,239851,url_config
POST,/chartOfAccount,239774,url_config
PUT,/chartOfAccount,239784,url_config
GET,/chartOfAccount/byTypes,239733,url_config
DELETE,/chartOfAccount/journal,239840,url_config
PUT,/chartOfAccount/journal,239830,url_config
GET,/chartOfAccount/journal/list,239815,url_config
PUT,/chartOfAccount/journal/{param},239823,url_config
PUT,/chartOfAccount/list,239794,url_config
PUT,/chartOfAccount/reconcile,239755,url_config
GET,/chartOfAccount/summary,239723,url_config
PUT,/chartOfAccount/transfer,239805,url_config
POST,/chartOfAccount/{param},239766,url_config
PUT,/chartOfAccount/{param}/summary,239746,url_config
POST,/city,242998,url_config
GET,/city/search,236165,url_config
GET,/city/stateId/{param},236183,url_config
GET,/country/all,236151,url_config
GET,/country/{param}/allState,236159,url_config
POST,/county,243067,url_config
GET,/county/search,236174,url_config
GET,/county/stateId/{param},236191,url_config
PUT,/crmCustomerNotes,238534,url_config
DELETE,/crmCustomerNotes/list,238524,url_config
DELETE,/crmCustomerNotes?id={param},238544,url_config
POST,/customer,238307,url_config
PUT,/customer,238313,url_config
GET,/customer-tiers,47529,url_config
POST,/customer-tiers,47522,direct_call
DELETE,/customer-tiers/{param},47547,url_config
PATCH,/customer-tiers/{param},47552,direct_call
GET,/customer/accountSummary,249845,url_config
DELETE,/customer/address,238326,url_config
PUT,/customer/bulk,238292,url_config
PUT,/customer/list?storeIds={param},238284,url_config
PUT,/customer/password,238388,url_config
GET,/customer/paymentDetails?storeIds={param},66835,url_config
GET,/customer/paymentDetails?storeIds={param}&parentPaymentId={param}&page=0&size=9999,66796,url_config
DELETE,/customer/paymentPreference,238512,url_config
GET,/customer/paymentPreference,238493,url_config
DELETE,/customer/productPriceMap/byCustomer,248690,url_config
POST,/customer/productPriceMap/cloneCustomerProductPriceMap,238553,url_config
GET,/customer/productPriceMap/customerId/{param},249017,url_config
DELETE,/customer/productPriceMap/customerProductPriceMapId,248671,url_config
POST,/customer/productPriceMap?isUpdateAllChildProductPrice={param},248763,url_config
DELETE,/customer/storeCredit,238379,url_config
GET,/customer/storeCredit/list/{param},238479,direct_call
POST,/customer/syncForACH/{param},254721,url_config
GET,/customer/transactions/export/csv,247935,url_config
PUT,/customer/transactions?storeIds={param},238401,url_config
GET,/customer/{param},46147,url_config
POST,/customer/{param},238302,url_config
PUT,/customer/{param}/cartDetails?customerTier={param}&storeIds={param},246784,url_config
DELETE,/customer/{param}/creditCardDetails,238336,url_config
GET,/customer/{param}/creditCardDetails,246512,url_config
PUT,/customer/{param}/creditCardId/{param},238345,url_config
DELETE,/customer?customerId={param},238320,url_config
DELETE,/customerContactPerson,238359,url_config
DELETE,/customerContactPerson/customerId/{param},238353,url_config
GET,/customerContactPerson/customerId/{param},49652,url_config
GET,/customerGroup/list,238486,url_config
POST,/database/truncate-module-wise,236230,url_config
POST,/discount,251873,url_config
PUT,/discount,251883,url_config
PUT,/discount/bulk,251863,url_config
GET,/discount/list,60748,url_config
DELETE,/discount/{param},251893,url_config
GET,/discount/{param},251842,url_config
GET,/dropDownValue,236274,url_config
GET,/dropDownValue/byFieldId/{param},236264,url_config
GET,/employee,2881,url_config
POST,/employee,239256,url_config
PUT,/employee,239249,url_config
PUT,/employee/basicInfo,239321,url_config
PUT,/employee/brandCommission/bulk,239386,url_config
DELETE,/employee/brandCommission/{param},239377,url_config
DELETE,/employee/brandCommission?employeeBrandCommissionId={param},239395,url_config
POST,/employee/clockIn,239307,url_config
PUT,/employee/clockIn,239314,url_config
GET,/employee/clockIn/{param},239342,url_config
PUT,/employee/commission/bulk,239359,url_config
PUT,/employee/commission/{param},239350,url_config
DELETE,/employee/commission?employeeCommissionId={param},239368,url_config
GET,/employee/list,239329,url_config
DELETE,/employee/{param},239273,url_config
POST,/employee/{param}/accessSchedule,239404,url_config
DELETE,/employee?employeeId={param},239264,url_config
GET,/expense,255302,url_config
DELETE,/expense/{param},255327,url_config
GET,/expense/{param}?itemised=false&storeIds={param},255317,url_config
GET,/expenseAccount/all,255321,direct_call
GET,/globalSearch?storeIds={param},258159,url_config
GET,/home/sliderImages,16262,url_config
GET,/home/sliderTypes,16192,url_config
POST,/imageConfiguration,257622,url_config
PUT,/imageConfiguration,257636,url_config
GET,/imageConfiguration/configTypeId/{param},262268,url_config
PUT,/imageConfiguration/updateSequenceNumberInBulk,257651,url_config
DELETE,/imageConfiguration?id={param},257597,url_config
GET,/inventory/adjustment/export/downloadBulkInventoryAdjustmentTemplate,43895,url_config
POST,/inventory/adjustment/fromQuotation/{param}?storeIds={param},46190,url_config
GET,/inventory/adjustment/import/downloadBulkInventoryAdjustmentTemplate,43863,url_config
GET,/inventory/adjustment/list?storeIds={param},40871,url_config
DELETE,/inventory/adjustment/{param},12183,url_config
GET,/inventory/adjustment/{param}?storeIds={param},12148,url_config
POST,/inventory/adjustment?storeIds={param},12163,url_config
PUT,/inventory/adjustment?storeIds={param},12174,url_config
GET,/inventory/adjustmentLineItem/adjustmentId/{param},41054,url_config
GET,/inventory/adjustmentLineItem/adjustmentId/{param}?storeIds={param},12152,url_config
GET,/inventory/committedQuantity/{param}?wareHouseIdList={param},260817,url_config
GET,/inventory/customerRmaQuantity/{param}?storeIds={param}&wareHouseIdList={param},260825,url_config
GET,/inventory/details/{param}?storeIds={param},12047,url_config
GET,/inventory/detailsToUpdate/{param}?storeIds={param},12060,direct_call
DELETE,/inventory/history/{param}?storeIds={param},12039,url_config
GET,/inventory/incomingFromPO/{param}?storeIds={param}&wareHouseIdList={param},260813,url_config
POST,/inventory/location,251150,url_config
GET,/inventory/location/byProductId/{param},251144,url_config
POST,/inventory/location?locationId={param},251160,url_config
GET,/inventory/recentCostPrice/{param}?storeIds={param},12073,direct_call
GET,/inventory/transferOrderQuantity/{param}?storeIds={param}&wareHouseIdList={param},260829,url_config
POST,/inventory/v2,11969,url_config
GET,/inventory/v2/detailsToUpdate/{param}?storeIds={param},12053,direct_call
GET,/inventory/v2/history/{param}?storeIds={param},12067,url_config
POST,/inventory/v2/imei,11978,url_config
GET,/inventory/vendorRmaQuantity/{param}?storeIds={param}&wareHouseIdList={param},260821,url_config
PUT,/lot/inventory/audit/{param}?storeIds={param},12217,url_config
GET,/lot/inventory/list?storeIds={param},255862,url_config
POST,/lot/inventory?storeIds={param},255874,url_config
PUT,/lot/inventory?storeIds={param},255885,url_config
GET,/lot/location/list?storeIds={param},255821,url_config
DELETE,/lot/location/{param},255853,url_config
POST,/lot/location?storeIds={param},255833,url_config
PUT,/lot/location?storeIds={param},255844,url_config
POST,/module/all,236223,url_config
GET,/module/allFieldByModuleId/{param},236257,url_config
POST,/order,46429,url_config
PUT,/order/bulk,46399,url_config
DELETE,/order/cancelled/bulk,46409,url_config
GET,/order/dueOrders/customer/{param}?storeIds={param},238472,url_config
DELETE,/order/email/types,47520,url_config
GET,/order/email/{param}?storeIds={param},62248,url_config
POST,/order/email/{param}?storeIds={param},46648,direct_call
POST,/order/from/quotation?storeIds={param},46439,url_config
POST,/order/fromPO?storeIds={param},46496,url_config
POST,/order/fromRMA/{param},48322,url_config
DELETE,/order/fulfilment/bulk?fulfilmentIds={param}&storeIds={param},48610,url_config
GET,/order/import/csv,64815,url_config
DELETE,/order/lineItem/bulk?lineItemIds={param}&orderId={param},46483,url_config
GET,/order/lineItem/byMasterChildMapping/{param}?sortedByProductName=true&storeIds={param},62042,url_config
GET,/order/lineItem/byMasterChildMapping/{param}?sortedByProductName=true&storeIds={param}&masterProductId={param},62020,url_config
GET,/order/lineItem/{param}?storeIds={param},46697,url_config
PUT,/order/list?storeIds={param},46390,url_config
GET,/order/negativeBalance/customer/{param}?storeIds={param},238459,url_config
PUT,/order/notes?storeIds={param},46525,url_config
POST,/order/onBehalfOfCustomer?storeIds={param}&storeId={param},247488,url_config
POST,/order/payment/bulk,46619,url_config
PUT,/order/payment/bulk,46898,url_config
GET,/order/payment/card/{param},46802,url_config
PUT,/order/payment/id/{param}?storeIds={param},46892,url_config
DELETE,/order/payment/{param}/voidPayment,46908,url_config
GET,/order/payment/{param}?storeIds={param},62914,url_config
POST,/order/payment?storeIds={param},46602,direct_call
PUT,/order/payment?storeIds={param},46610,direct_call
GET,/order/profitDetailOnOrderAndLineItem/{param}?storeIds={param},64340,url_config
PUT,/order/schedule/payment,46637,url_config
PUT,/order/schedule/payment/bulk,46934,url_config
DELETE,/order/schedule/payment/list?storeIds={param},46918,url_config
PUT,/order/schedule/payment/order/{param}?storeIds={param},46630,url_config
DELETE,/order/schedule/payment/{param},46944,url_config
PUT,/order/schedule/payment/{param}?storeIds={param},46928,url_config
DELETE,/order/shipment,48565,url_config
POST,/order/shipment,48520,direct_call
PUT,/order/shipment,48524,direct_call
DELETE,/order/shipment/{param},48542,url_config
PUT,/order/status/{param},46421,url_config
DELETE,/order/tag/config,47517,url_config
PUT,/order/tag/config,47496,url_config
DELETE,/order/tag/config?configOrderTagId={param},47511,url_config
GET,/order/tag/{param}/timeLine?storeIds={param},64530,url_config
GET,/order/tag/{param}?storeIds={param},46798,url_config
POST,/order/tag/{param}?storeIds={param},46583,direct_call
GET,/order/{param}/export/csv?storeIds={param},61203,url_config
GET,/order/{param}/statusTimeLine?storeIds={param},64508,url_config
PUT,/order/{param}/transferOrder,46573,url_config
PUT,/order/{param}/updatePriceOnPercentage?storeIds={param},46556,url_config
PATCH,/order/{param}/updatePriceWithCustomerTier?storeIds={param},46543,url_config
GET,/order/{param}/withCustomer?storeIds={param},46735,url_config
PATCH,/order/{param}?storeIds={param},47082,url_config
PUT,/order?storeIds={param},46473,url_config
PUT,/orginfo,15378,url_config
PUT,/orginfo/2fa/email/update,15392,url_config
DELETE,/price/rule,47536,direct_call
POST,/price/rule,47523,direct_call
DELETE,/price/rule/tier/{param},47540,url_config
PUT,/price/rule/{param},47533,direct_call
GET,/product/autoGenerateSKU,261778,url_config
GET,/product/autoGenerateUPC,261583,url_config
PUT,/product/bulk,12075,direct_call
POST,/product/bulk/export,43561,url_config
GET,/product/bulk/list?storeIds={param},43581,url_config
PUT,/product/bulk/update,43587,direct_call
PUT,/product/category/{param},244864,url_config
POST,/product/clone?productId={param},11933,url_config
POST,/product/export/csv?storeIds={param},45005,url_config
DELETE,/product/image?productImageAttachmentId={param}&productId={param},12000,url_config
GET,/product/imei/productInventoryId/{param}?storeIds={param},11988,url_config
GET,/product/import/downloadBulkProductTemplate,44431,url_config
GET,/product/list/forTransferOrder?storeIds={param},251703,url_config
GET,/product/list?storeIds={param},11884,url_config
POST,/product/price/{param},263109,url_config
DELETE,/product/productId/{param}/compositeProductId/{param},261433,url_config
GET,/product/quick/salesByPurchaseHistory?storeIds={param},12208,url_config
GET,/product/search?storeIds={param},12093,url_config
GET,/product/searchByCategory,42282,url_config
PUT,/product/searchByCategory,244873,url_config
GET,/product/searchForReport?storeIds={param},11199,url_config
GET,/product/searchForTransferOrder?storeIds={param},251713,url_config
DELETE,/product/tag?id={param},12030,url_config
DELETE,/product/upc/{param},12235,url_config
PUT,/product/upc/{param},12221,url_config
PUT,/product/updateAllChildProductsPriceFromMasterProductPrice/{param},263166,url_config
GET,/product/v1/export/downloadBulkProductTemplate,43636,url_config
GET,/product/v1/import/downloadBulkProductTemplate,43603,url_config
DELETE,/product/{param},11923,url_config
DELETE,/product/{param}/priceHistory,12194,url_config
GET,/product/{param}?storeIds={param},11895,url_config
PUT,/product?storeIds={param},11910,url_config
DELETE,/purchaseOrder,50122,url_config
POST,/purchaseOrder,50128,url_config
POST,/purchaseOrder/createPOFromVendorsInvoice/vendorId/{param}/vendorInvoiceNumber/{param},252934,url_config
POST,/purchaseOrder/fromOrder,46507,url_config
POST,/purchaseOrder/fromSalesOrder,45614,url_config
POST,/purchaseOrder/insertNewProductAfterVerificationToCreatePOFromVendorsInvoice/vendorId/{param}/vendorInvoiceNumber/{param},252964,url_config
GET,/purchaseOrder/verifyProductBeforeCreatePOFromVendorsInvoice/vendorId/{param}/vendorInvoiceNumber/{param},252916,url_config
PUT,/purchaseOrder/{param}/transferPurchaseOrder,50135,url_config
GET,/purchaseOrder/{param}?storeIds={param},50096,url_config
POST,/purchaseOrderLineItem/bulk?lineItemIds={param},50115,url_config
POST,/quotation,45949,url_config
PUT,/quotation,46078,url_config
PUT,/quotation/bulk,45941,url_config
POST,/quotation/salesOrder?storeIds={param},45958,url_config
PATCH,/quotation/status/quotationId/{param}/quotationStatusId/{param},46034,url_config
GET,/quotation/tag/{param}/timeLine?storeIds={param},53583,url_config
GET,/quotation/tag/{param}?storeIds={param},46163,url_config
POST,/quotation/tag/{param}?storeIds={param},46169,direct_call
GET,/quotation/{param}/export/csv?storeIds={param},53025,url_config
PUT,/quotation/{param}/transferQuotation,46044,url_config
PATCH,/quotation/{param}/updatePriceWithCustomerTier?storeIds={param},46100,url_config
GET,/quotation/{param}/withCustomer?storeIds={param},45967,url_config
GET,/quotationLineItem/quotationId/{param}?storeIds={param},46001,url_config
DELETE,/recordUnderEditMode,236356,url_config
PUT,/recordUnderEditMode,236334,url_config
GET,/recordUnderEditMode?moduleId={param}&recordId={param},236290,url_config
PUT,/recurring,238605,url_config
DELETE,/recurring/line-item/{param},238596,url_config
GET,/recurring/list?storeIds={param},238581,url_config
DELETE,/recurring/{param},238589,url_config
POST,/refreshToken,3295,url_config
GET,/report/audit?storeIds={param},11582,url_config
GET,/report/closingSummary?storeIds={param},11078,url_config
GET,/report/customer/dueBalance/byAging?storeIds={param},11311,url_config
GET,/report/customer/dueBalance?storeIds={param},11299,url_config
GET,/report/customer/excessPayment,11321,url_config
GET,/report/customer/products/neverOrdered/csv,258761,url_config
GET,/report/customer/products/neverOrdered?storeIds={param},258803,url_config
GET,/report/customer/reward/statement/csv,249137,url_config
GET,/report/customer/reward/statement?storeIds={param},238423,url_config
GET,/report/customer/salesAndReturnCombined?storeIds={param},11128,url_config
GET,/report/customer/statement?storeIds={param},238412,url_config
GET,/report/employee/commission/byBrand?storeIds={param},11170,url_config
GET,/report/employee/commission/byCategory?storeIds={param},11153,url_config
GET,/report/employee/dueBySalesRep?storeIds={param},11395,url_config
GET,/report/employee/payrollSummary?storeIds={param},11141,url_config
GET,/report/grossSales?storeIds={param},10980,url_config
GET,/report/inventory/log?storeIds={param},11286,url_config
GET,/report/inventory/lowStockReportDetails?storeIds={param},11244,url_config
GET,/report/inventory/valuation/byCategory?storeIds={param},11256,url_config
GET,/report/inventory/valuation/byVendor?storeIds={param},11268,url_config
GET,/report/inventory/valuation?storeIds={param},11232,url_config
GET,/report/payment/details?storeIds={param},11371,url_config
GET,/report/product/salesByIMEI?storeIds={param},11533,url_config
GET,/report/product/salesVsPurchase?storeIds={param},11219,url_config
GET,/report/product/summary?storeIds={param},11443,url_config
GET,/report/product/withoutCategory?storeIds={param},11570,url_config
GET,/report/profitAndLoss?storeIds={param},11545,url_config
GET,/report/purchase/byCustomer?storeIds={param},245943,url_config
GET,/report/purchase/byProduct/export/csv,260079,url_config
GET,/report/purchase/byProduct?productId={param}&storeIds={param},12134,url_config
GET,/report/purchase/byProduct?storeIds={param},11507,url_config
GET,/report/purchase/byVendor?storeIds={param},11520,url_config
GET,/report/purchase/product?storeIds={param},11186,url_config
GET,/report/returns/byCustomer?storeIds={param},11495,url_config
GET,/report/returns/lineItem/summary?storeIds={param},11557,url_config
GET,/report/sales/byCategory?storeIds={param},10891,url_config
GET,/report/sales/byCustomer?storeIds={param},11104,url_config
GET,/report/sales/byMasterAndChildCategory?storeIds={param},10967,url_config
GET,/report/sales/byProductSummary/product/{param}?storeIds={param},12119,url_config
GET,/report/sales/byProductSummary?storeIds={param},11426,url_config
GET,/report/sales/byRepByCategory?storeIds={param},10929,url_config
GET,/report/sales/bySalesRep?storeIds={param},10916,url_config
GET,/report/sales/byVendor?storeIds={param},10904,url_config
GET,/report/sales/county/byCategory?storeIds={param},10942,url_config
GET,/report/sales/customer/byCategorySummary?storeIds={param},10955,url_config
GET,/report/sales/customer/byProductSummary?storeIds={param},11409,url_config
GET,/report/sales/lostSalesReportByReportType?storeIds={param},11594,url_config
GET,/report/sales/orderShipmentTracking?storeIds={param},11028,url_config
GET,/report/sales/product/profitMargin?storeIds={param},11016,url_config
GET,/report/sales/productByCategoryForTaxation?storeIds={param},11459,url_config
GET,/report/tax/exciseTaxByLineItem?storeIds={param},11064,url_config
GET,/report/tax/msa?storeIds={param},10992,url_config
GET,/report/tax/purchase/byTaxClassIdAndStateId/{param}/stateId/{param}?storeIds={param},11052,url_config
GET,/report/tax?storeIds={param},11040,url_config
GET,/report/vendor/dueBalance/byAging?storeIds={param},11347,url_config
GET,/report/vendor/excessPayment,11358,url_config
GET,/report/vendor/payableAmount?storeIds={param},11334,url_config
GET,/report/vendor/statement/vendorId/{param}?storeIds={param},238849,url_config
POST,/returnOrder,47025,direct_call
PUT,/returnOrder,47042,direct_call
PUT,/returnOrder/bulk,47051,url_config
DELETE,/returnOrder/cancelled/{param},47061,url_config
POST,/returnOrder/clone/{param}?storeIds={param},47034,url_config
GET,/returnOrder/erp/statusTimeLine/{param}?storeIds={param},55357,url_config
POST,/returnOrder/fromOrder/creditMemo/{param}?storeIds={param},47095,url_config
PUT,/returnOrder/lineItem,47159,url_config
GET,/returnOrder/lineItem/by-master-child-mapping/{param}?sortedByProductName=true&storeIds={param},55168,url_config
GET,/returnOrder/lineItem/by-master-child-mapping/{param}?sortedByProductName=true&storeIds={param}&masterProductId={param},55146,url_config
PUT,/returnOrder/lineItem/withPayment,47183,url_config
GET,/returnOrder/lineItem/{param}/export/csv,54756,url_config
GET,/returnOrder/lineItem/{param}/export/csv?storeIds={param},54746,url_config
GET,/returnOrder/lineItem/{param}?storeIds={param},47136,url_config
GET,/returnOrder/list?storeIds={param},60180,url_config
PUT,/returnOrder/notes?storeIds={param},47209,url_config
PATCH,/returnOrder/status/{param}?status={param},47198,direct_call
PUT,/returnOrder/transferReturnOrder,47105,url_config
GET,/returnOrder/{param}/image/product/{param},48334,url_config
POST,/returnOrder/{param}/image/product/{param},48343,url_config
DELETE,/returnOrder/{param}/image/{param},48354,url_config
GET,/returnOrder/{param}/withCustomer?storeIds={param},47116,direct_call
POST,/role,5952,url_config
POST,/role/clone/{param}?roleName={param},5990,url_config
GET,/role/list?type=Employee,239278,url_config
PUT,/role/user/fieldAuthority,6020,url_config
PUT,/role/user/fieldAuthority/{param},6011,url_config
DELETE,/role/{param},5959,url_config
PUT,/role/{param}/updateAuthorities,5944,url_config
POST,/role/{param}/{param},6001,url_config
PUT,/role/{param}/{param},5974,url_config
PUT,/role/{param}/{param}/updateFieldAuthorities,5981,url_config
POST,/salesOrder,45558,url_config
PUT,/salesOrder/bulk,45528,url_config
DELETE,/salesOrder/cancelled/bulk,45538,url_config
POST,/salesOrder/from/quotation?storeIds={param},46450,url_config
POST,/salesOrder/fromPO?storeIds={param},45603,url_config
GET,/salesOrder/fulfilment/{param}?storeIds={param},51638,url_config
DELETE,/salesOrder/lineItem/bulk?lineItemIds={param}&salesOrderId={param},45590,url_config
GET,/salesOrder/lineItem/byMasterChildMapping/{param}?sortedByProductName=true&storeIds={param},51817,url_config
GET,/salesOrder/lineItem/byMasterChildMapping/{param}?sortedByProductName=true&storeIds={param}&masterProductId={param},51795,url_config
GET,/salesOrder/lineItem/{param}?storeIds={param},45752,url_config
PUT,/salesOrder/list?storeIds={param},45519,url_config
PUT,/salesOrder/notes?storeIds={param},45632,url_config
DELETE,/salesOrder/payment/{param}/voidPayment,45856,url_config
GET,/salesOrder/payment/{param}?storeIds={param},52313,url_config
GET,/salesOrder/profitDetailOnSalesOrderAndLineItem/{param}?storeIds={param},52506,url_config
DELETE,/salesOrder/shipment,48552,url_config
POST,/salesOrder/shipment,48512,direct_call
PUT,/salesOrder/shipment,48516,direct_call
GET,/salesOrder/shipment/{param},48533,url_config
PUT,/salesOrder/status/{param},45550,url_config
GET,/salesOrder/tag/{param}/timeLine?storeIds={param},52619,url_config
GET,/salesOrder/tag/{param}?storeIds={param},45850,url_config
POST,/salesOrder/tag/{param}?storeIds={param},45691,direct_call
PUT,/salesOrder/{param},45681,url_config
GET,/salesOrder/{param}/export/csv?storeIds={param},50872,url_config
GET,/salesOrder/{param}/order/list?storeIds={param},51736,url_config
PUT,/salesOrder/{param}/updatePriceOnPercentage?storeIds={param},45663,url_config
PATCH,/salesOrder/{param}/updatePriceWithCustomerTier?storeIds={param},45650,url_config
GET,/salesOrder/{param}/withCustomer?storeIds={param},45787,url_config
PUT,/salesOrder?storeIds={param},45580,url_config
GET,/services/pdf/cusomter/payment-reminder,249314,url_config
GET,/services/pdf/cusomter/statement,249359,url_config
GET,/services/pdf/customer/due-invoice,245548,url_config
GET,/services/pdf/customer/transaction,247916,url_config
POST,/services/pdf/email/cusomter/due-invoice,245505,url_config
POST,/services/pdf/email/cusomter/payment-reminder,249274,url_config
POST,/services/pdf/email/cusomter/statement,249246,url_config
POST,/services/pdf/email/customer/transaction,247867,url_config
POST,/services/pdf/email/payment/invoice/{param},46838,url_config
GET,/services/pdf/email/quotation/invoice/{param}?storeIdList={param}&defaultStoreId={param},46060,url_config
GET,/services/pdf/email/rma/product/invoice/{param}?storeIdList={param},48226,url_config
PUT,/services/pdf/email/rma/product/invoice/{param}?storeIdList={param},47171,url_config
POST,/services/pdf/email/sales-order/attached/invoice/{param}?storeIdList={param}&defaultStoreId={param},46816,url_config
GET,/services/pdf/email/sales-order/invoice/{param}?storeIdList={param}&defaultStoreId={param},46772,url_config
GET,/services/pdf/email/sales-order/packing-slip,61130,url_config
GET,/services/pdf/email/salesOrder/invoice/{param}?storeIdList={param}&defaultStoreId={param},45824,url_config
POST,/services/pdf/email/shipping/invoice/{param}?storeIdList={param}&defaultStoreId={param},46862,url_config
POST,/services/pdf/email/vendor/statement,253382,url_config
POST,/services/pdf/email/vendor/transaction,253571,url_config
GET,/services/pdf/expense/checkInvoice/{param},265625,url_config
GET,/services/pdf/payment/checkInvoice/{param},59272,url_config
GET,/services/pdf/payment/invoice/{param},59139,url_config
GET,/services/pdf/product/barcode,259658,url_config
GET,/services/pdf/products/details,45022,url_config
GET,/services/pdf/quotation/invoice/{param},52960,url_config
GET,/services/pdf/quotation/packing-slip/{param},52998,url_config
GET,/services/pdf/report/purchase/purchase-by-product,260067,url_config
GET,/services/pdf/reports/customer/never-ordered-products,258744,url_config
GET,/services/pdf/rma/label/{param},54729,url_config
GET,/services/pdf/rma/packing-slip/invoice/{param},54717,url_config
GET,/services/pdf/rma/product/invoice/{param},54704,url_config
GET,/services/pdf/sales-order/gate-pass,65426,url_config
GET,/services/pdf/sales-order/invoice,65260,url_config
GET,/services/pdf/sales-order/invoice-edi/{param},61213,url_config
GET,/services/pdf/sales-order/invoice/{param},60943,url_config
GET,/services/pdf/sales-order/label,65398,url_config
GET,/services/pdf/sales-order/label/{param},61060,url_config
GET,/services/pdf/sales-order/packing-slip,65319,url_config
GET,/services/pdf/sales-order/packing-slip/{param},60985,url_config
GET,/services/pdf/salesOrder/gate-pass/{param},50813,url_config
GET,/services/pdf/salesOrder/invoice/{param},50650,url_config
GET,/services/pdf/salesOrder/label/{param},50801,url_config
GET,/services/pdf/salesOrder/packing-slip-after-picking/{param},50762,url_config
GET,/services/pdf/salesOrder/packing-slip/{param},50693,url_config
GET,/services/pdf/test/testDynamicPdf,60929,url_config
GET,/services/pdf/vendor/statement,253413,url_config
GET,/services/pdf/vendor/transaction,253610,url_config
POST,/shiphero/syncSalesOrder,48587,url_config
GET,/shipping/options,47466,url_config
POST,/shipping/options,47470,direct_call
PUT,/shipping/options,47477,direct_call
PUT,/shipping/options/bulk,47491,direct_call
DELETE,/shipping/options?shippingId={param},47485,url_config
POST,/shipstation/createOrder,48575,url_config
POST,/shipstation/importCarriers,48597,url_config
GET,/state,236155,url_config
GET,/store,2920,direct_call
PUT,/store,251446,url_config
GET,/store/businessType,236197,url_config
PUT,/store/configuration,251485,url_config
GET,/store/configuration/list?storeIds={param},251477,url_config
PUT,/store/configuration/storeId/{param},251495,url_config
GET,/store/feature,251472,url_config
GET,/store/governmentStateCategory,251115,url_config
GET,/store/governmentStateCategory/stateId/{param}/governmentCategoryId/{param},251111,url_config
DELETE,/store/governmentStateCategory?id={param},251121,url_config
GET,/store/governmentStateCategory?stateId={param},251106,url_config
GET,/store/msaCategory,251097,url_config
PUT,/store/paymentMode,239932,url_config
GET,/store/paymentMode/v1,239899,url_config
DELETE,/store/paymentMode?paymentModeId={param},239923,url_config
PUT,/store/paymentTerms,251799,url_config
GET,/store/taxClass,251102,url_config
GET,/store/withStoreIds?storeIdList={param},251462,url_config
POST,/support/ticket,241276,url_config
PUT,/system/feature,15208,url_config
GET,/system/feature/module/list,15195,url_config
PUT,/system/feature/module/{param},15201,url_config
GET,/system/feature/options,15222,url_config
DELETE,/tag,40687,url_config
GET,/tag,250051,url_config
PUT,/tag,40662,url_config
GET,/transferOrder,251678,url_config
DELETE,/transferOrder/fulfillment/bulk?storeIds={param},251776,url_config
GET,/transferOrder/fulfillment/history/{param}?storeIds={param},251735,url_config
GET,/transferOrder/fulfillment/unfulfilled/{param}?storeIds={param},251745,url_config
POST,/transferOrder/fulfillment/{param}?storeIds={param},251758,url_config
POST,/transferOrder/fulfillment?storeIds={param},251765,url_config
GET,/transferOrder/{param},251687,url_config
GET,/transferOrderLineItem/byTransferOrderId/{param},251690,url_config
PUT,/user,239283,url_config
PUT,/user/logout-all,239418,url_config
PUT,/user/logout/{param},239424,url_config
PUT,/user/password/{param},239293,url_config
POST,/user/{param},239303,url_config
POST,/userLoginDevice/sendOTP,2957,url_config
GET,/userLoginDevice/tempToGetDeviceId?deviceId={param},236315,url_config
POST,/userLoginDevice/validateOTP,2969,url_config
POST,/variantLabel,11963,url_config
GET,/variantLabelValue/allByValue,268056,url_config
POST,/vendor,238777,url_config
PUT,/vendor,238805,url_config
POST,/vendor/list?storeIds={param},238787,url_config
GET,/vendor/paymentMade?vendorId={param}&storeIds={param},238858,url_config
DELETE,/vendor/paymentPreference,238942,url_config
GET,/vendor/paymentPreference,238923,url_config
POST,/vendor/portal/register,238896,url_config
PUT,/vendor/portal/register,238903,url_config
POST,/vendor/storeCredit,238888,url_config
GET,/vendor/storeCredit/list/vendorId/{param},238882,direct_call
GET,/vendor/transactions/export/csv,253628,url_config
GET,/vendor/transactions?storeIds={param},238840,url_config
GET,/vendor/{param},59161,url_config
PUT,/vendor/{param},238813,url_config
GET,/vendor/{param}/accountSummary?storeIds={param},253838,url_config
GET,/vendor/{param}/allInvoice,253003,url_config
DELETE,/vendor?vendorId={param},238819,url_config
DELETE,/vendorContactPerson,238970,url_config
GET,/vendorContactPerson,238960,url_config
DELETE,/vendorContactPerson/vendorId/{param},238954,url_config
GET,/whatsapp/order/{param}?storeIdList={param}&defaultStoreId={param},46786,url_config
GET,/whatsapp/salesOrder/{param}?storeIdList={param}&defaultStoreId={param},45838,url_config
GET,/whatsapp/statement,249403,url_config
